episode,ply,player,kind,intent,from_x,from_y,to_x,to_y,drop_type,capture_value,gives_check,status,winner,timed_out,reward,target,value_before,value_after
1,1,B,0,0,3,2,4,3,0,0,0,ongoing,-,0,0.002000,0.002000,0.000000,0.000000
1,2,W,0,0,3,6,4,5,0,0,0,ongoing,-,0,0.037993,0.037928,0.000068,0.000069
1,3,B,1,0,-1,-1,8,3,7,0,0,ongoing,-,0,-0.023013,-0.024312,0.001367,0.001367
1,4,W,0,2,3,8,3,0,0,600,1,ongoing,-,0,0.355980,0.355660,0.000475,0.000337
1,5,B,0,2,4,0,3,0,0,900,0,ongoing,-,0,0.483848,0.471828,0.009208,0.012653
1,6,W,1,0,-1,-1,4,5,12,0,0,ongoing,-,0,0.014967,-0.008171,0.024017,0.024356
1,7,B,1,0,-1,-1,4,3,12,0,0,ongoing,-,0,0.014960,-0.006971,0.023252,0.023085
1,8,W,0,2,4,5,4,1,0,250,0,ongoing,-,0,0.054203,0.032952,0.022049,0.022370
1,9,B,0,2,4,3,4,7,0,250,0,ongoing,-,0,0.075197,0.052573,0.022747,0.023814
1,10,W,1,0,-1,-1,3,1,10,0,1,ongoing,-,0,0.337940,0.317115,0.024897,0.021921
1,11,B,0,2,2,2,3,1,0,500,0,ongoing,-,0,0.469808,0.435569,0.030453,0.036041
1,12,W,0,2,4,6,4,7,0,350,0,ongoing,-,0,0.285677,0.242973,0.047862,0.044952
1,13,B,0,2,5,0,4,1,0,350,0,ongoing,-,0,0.064670,0.016056,0.051971,0.051173
1,14,W,0,0,4,5,3,4,0,0,0,ongoing,-,0,0.006913,-0.041261,0.049942,0.050709
1,15,B,0,2,4,3,3,4,0,350,0,ongoing,-,0,0.040657,-0.003095,0.047587,0.046055
1,16,W,0,0,2,7,3,5,0,0,0,ongoing,-,0,0.006900,-0.036620,0.044343,0.045811
1,17,B,0,2,3,4,3,5,0,350,0,ongoing,-,0,0.045643,0.006070,0.043080,0.041656
1,18,W,1,0,-1,-1,3,6,10,0,0,ongoing,-,0,0.001887,-0.038499,0.040409,0.042511
1,19,B,0,1,3,5,2,6,0,0,1,ongoing,-,0,0.263880,0.231651,0.039829,0.033926
1,20,W,1,0,-1,-1,3,7,7,0,0,ongoing,-,0,0.305498,0.263203,0.038720,0.044521
1,21,B,0,2,2,6,3,7,0,100,1,ongoing,-,0,0.276367,0.234484,0.049728,0.044087
1,22,W,0,2,2,6,3,7,0,350,0,ongoing,-,0,0.393485,0.341708,0.048351,0.054502
1,23,B,0,1,4,1,4,2,0,0,0,ongoing,-,0,0.014853,-0.044832,0.061246,0.062826
1,24,W,0,0,3,6,3,5,0,0,0,ongoing,-,0,0.001847,-0.055964,0.059497,0.060854
1,25,B,0,2,4,2,4,7,0,100,1,ongoing,-,0,0.349340,0.300756,0.057097,0.051142
1,26,W,0,2,3,7,4,7,0,900,0,ongoing,-,0,0.519333,0.457742,0.057116,0.064833
1,27,B,1,0,-1,-1,4,3,10,0,0,ongoing,-,0,0.001827,-0.070413,0.074702,0.076042
1,28,W,0,0,3,5,3,4,0,0,0,ongoing,-,0,0.001820,-0.065620,0.071066,0.070990
1,29,B,0,2,4,3,3,4,0,500,0,ongoing,-,0,0.059313,0.000461,0.066243,0.061950
1,30,W,1,0,-1,-1,3,6,8,0,0,ongoing,-,0,0.006807,-0.048292,0.059847,0.057998
1,31,B,1,0,-1,-1,3,4,13,0,0,ongoing,-,0,0.014800,-0.040484,0.054829,0.058194
1,32,W,0,1,5,8,4,7,0,0,0,ongoing,-,0,-0.023207,-0.073059,0.055433,0.052476
1,33,B,0,2,3,4,3,6,0,400,0,ongoing,-,0,0.059787,0.012677,0.048759,0.049589
1,34,W,0,2,4,7,3,6,0,350,0,ongoing,-,0,0.071530,0.026025,0.048588,0.047900
1,35,B,0,0,3,4,4,5,0,0,0,ongoing,-,0,0.009773,-0.037782,0.047264,0.050058
1,36,W,0,2,5,6,4,5,0,500,0,ongoing,-,0,0.062267,0.017906,0.047530,0.046695
1,37,B,1,0,-1,-1,4,3,8,0,0,ongoing,-,0,0.001760,-0.041626,0.045778,0.045670
1,38,W,0,0,3,6,0,3,0,0,0,ongoing,-,0,0.014753,-0.027799,0.042864,0.044792
1,39,B,0,2,0,2,0,3,0,600,0,ongoing,-,0,0.089747,0.051101,0.042522,0.040679
1,40,W,0,0,4,5,3,4,0,0,0,ongoing,-,0,0.006740,-0.033886,0.040951,0.042765
1,41,B,0,2,4,3,3,4,0,350,0,ongoing,-,0,0.040483,0.004212,0.040378,0.038180
1,42,W,0,0,1,7,3,5,0,0,0,ongoing,-,0,0.011727,-0.023596,0.037104,0.037182
1,43,B,0,0,3,4,4,5,0,0,0,ongoing,-,0,0.009720,-0.026004,0.035427,0.037605
1,44,W,0,0,3,5,1,3,0,0,0,ongoing,-,0,0.014713,-0.020279,0.035641,0.036834
1,45,B,0,2,1,1,1,3,0,300,0,ongoing,-,0,0.052207,0.021726,0.034932,0.032084
1,46,W,1,0,-1,-1,3,6,13,0,0,ongoing,-,0,0.006700,-0.019975,0.031682,0.028079
1,47,B,0,2,4,5,3,6,0,350,0,ongoing,-,0,0.058443,0.029254,0.026744,0.030726
1,48,W,1,0,-1,-1,8,6,5,0,0,ongoing,-,0,-0.023313,-0.047521,0.030787,0.025482
1,49,B,1,0,-1,-1,2,6,5,0,1,ongoing,-,0,0.267680,0.238811,0.023696,0.030389
1,50,W,1,0,-1,-1,3,7,3,0,0,ongoing,-,0,0.330798,0.301698,0.034263,0.030632
1,51,B,0,2,2,6,3,7,0,250,1,ongoing,-,0,0.272917,0.234507,0.035449,0.040431
1,52,W,0,2,4,7,3,7,0,300,0,ongoing,-,0,0.374035,0.335548,0.044015,0.040512
1,53,B,1,0,-1,-1,4,6,3,0,1,ongoing,-,0,0.296653,0.247410,0.045752,0.051835
1,54,W,0,0,4,8,5,8,0,0,0,ongoing,-,0,0.311397,0.261079,0.055556,0.052966
1,55,B,1,0,-1,-1,5,6,3,0,1,ongoing,-,0,0.274640,0.219599,0.056729,0.057938
1,56,W,0,0,5,8,6,8,0,0,0,ongoing,-,0,0.329133,0.271070,0.060862,0.061120
1,57,B,0,2,5,6,6,7,0,350,1,ongoing,-,0,0.306377,0.242698,0.064877,0.067030
1,58,W,0,2,7,7,6,7,0,250,0,ongoing,-,0,0.401245,0.338975,0.070223,0.065547
1,59,B,0,0,4,6,5,7,0,0,1,ongoing,-,0,0.255613,0.183882,0.070233,0.075507
1,60,W,0,2,6,7,5,7,0,250,0,ongoing,-,0,0.380357,0.313054,0.077500,0.070845
1,61,B,1,0,-1,-1,7,6,10,0,0,ongoing,-,0,0.048600,-0.021808,0.074958,0.074114
1,62,W,0,2,6,6,7,6,0,500,0,ongoing,-,0,0.098343,0.031238,0.072289,0.070637
1,63,B,1,0,-1,-1,6,6,4,0,1,ongoing,-,0,0.278462,0.220944,0.069904,0.060545
1,64,W,0,2,7,6,6,6,0,300,0,ongoing,-,0,0.393455,0.326142,0.062827,0.070856
1,65,B,0,0,3,6,4,7,0,0,0,ongoing,-,0,0.027573,-0.036963,0.074810,0.067933
1,66,W,0,2,5,7,4,7,0,400,0,ongoing,-,0,0.070692,0.003020,0.066176,0.071234
1,67,B,0,0,6,1,6,3,0,0,0,ongoing,-,0,0.001560,-0.059914,0.070263,0.064709
1,68,W,1,0,-1,-1,3,6,4,0,0,ongoing,-,0,-0.001072,-0.064413,0.062711,0.066676
1,69,B,0,1,7,1,6,2,0,0,0,ongoing,-,0,-0.023578,-0.082145,0.064709,0.061649
1,70,W,0,0,3,6,3,4,0,0,0,ongoing,-,0,0.008915,-0.052977,0.059351,0.065150
1,71,B,0,0,6,3,6,5,0,0,0,ongoing,-,0,0.066658,0.008358,0.063369,0.061368
1,72,W,0,2,6,6,6,5,0,350,0,ongoing,-,0,0.301652,0.243820,0.060438,0.060876
1,73,B,0,0,6,2,3,5,0,0,0,ongoing,-,0,0.017020,-0.043445,0.063885,0.063647
1,74,W,0,2,3,4,3,5,0,300,0,ongoing,-,0,0.054138,-0.003614,0.061883,0.060792
1,75,B,0,0,5,2,6,3,0,0,0,ongoing,-,0,0.001507,-0.053348,0.059726,0.057741
1,76,W,0,0,3,5,3,3,0,0,0,ongoing,-,0,0.028125,-0.030486,0.055967,0.061695
1,77,B,0,2,2,1,3,3,0,300,0,ongoing,-,0,0.073868,0.024949,0.060288,0.051494
1,78,W,0,0,8,6,5,3,0,0,0,ongoing,-,0,0.008862,-0.047499,0.050951,0.059327
1,79,B,0,0,3,3,4,5,0,0,0,ongoing,-,0,0.014730,-0.035733,0.057818,0.053119
1,80,W,0,2,4,7,4,5,0,350,0,ongoing,-,0,0.064223,0.010550,0.051584,0.056498
1,81,B,0,0,6,3,6,4,0,0,0,ongoing,-,0,0.001592,-0.046094,0.055827,0.050195
1,82,W,0,2,6,5,6,4,0,350,0,ongoing,-,0,0.045210,-0.004911,0.048535,0.052759
1,83,B,0,0,6,2,6,3,0,0,0,ongoing,-,0,0.001703,-0.043076,0.051915,0.047136
1,84,W,0,2,5,3,4,2,0,100,0,ongoing,-,0,0.042947,-0.007297,0.045645,0.052888
1,85,B,0,2,6,3,6,4,0,200,0,ongoing,-,0,0.026315,-0.019372,0.052032,0.048091
1,86,W,0,2,4,2,3,1,0,200,0,ongoing,-,0,0.061433,0.011878,0.046878,0.052164
1,87,B,0,2,3,0,3,1,0,300,0,ongoing,-,0,0.304427,0.264764,0.051556,0.041750
1,88,W,0,0,4,5,4,3,0,0,0,ongoing,-,0,0.049170,-0.000307,0.045209,0.052082
1,89,B,0,0,3,1,2,0,0,0,0,ongoing,-,0,0.015288,-0.026818,0.051348,0.044322
1,90,W,0,0,4,3,4,1,0,0,0,ongoing,-,0,0.029782,-0.019772,0.043060,0.052162
1,91,B,0,0,6,4,6,5,0,0,0,ongoing,-,0,0.004400,-0.039180,0.051143,0.045873
1,92,W,1,0,-1,-1,2,1,3,0,1,ongoing,-,0,0.242268,0.202110,0.044319,0.042272
1,93,B,0,2,2,0,2,1,0,250,0,ongoing,-,0,0.396262,0.350684,0.044964,0.047976
1,94,W,0,0,4,1,3,1,0,0,1,ongoing,-,0,0.219380,0.172223,0.053342,0.049639
1,95,B,0,2,2,1,3,1,0,300,0,ongoing,-,0,0.406123,0.360366,0.051725,0.048166
1,96,W,0,0,3,7,3,6,0,0,0,ongoing,-,0,0.001367,-0.052382,0.052939,0.056577
1,97,B,0,0,6,5,6,6,0,0,0,ongoing,-,0,0.023360,-0.026990,0.054946,0.053000
1,98,W,0,0,3,6,3,5,0,0,0,ongoing,-,0,0.001353,-0.052182,0.051689,0.056353
1,99,B,0,0,6,6,6,7,0,0,1,ongoing,-,0,0.211347,0.162473,0.054647,0.051446
1,100,W,0,2,6,8,6,7,0,200,0,ongoing,-,0,0.392965,0.346175,0.053271,0.049252
1,101,B,0,0,8,3,8,4,0,0,0,ongoing,-,0,0.001333,-0.053300,0.053670,0.057508
1,102,W,0,0,3,5,3,4,0,0,0,ongoing,-,0,0.004327,-0.046781,0.055890,0.053797
1,103,B,0,0,8,4,8,5,0,0,0,ongoing,-,0,0.000445,-0.052960,0.052195,0.056216
1,104,W,0,0,3,4,3,3,0,0,0,ongoing,-,0,0.023313,-0.026377,0.054528,0.052305
1,105,B,0,2,8,5,8,6,0,100,0,ongoing,-,0,0.019682,-0.033316,0.050965,0.055787
1,106,W,0,0,3,3,3,2,0,0,1,ongoing,-,0,0.214300,0.166196,0.054353,0.050636
1,107,B,0,2,3,1,3,2,0,200,0,ongoing,-,0,0.392918,0.348164,0.052599,0.047110
1,108,W,0,0,0,6,0,5,0,0,0,ongoing,-,0,0.001287,-0.052995,0.051532,0.057138
1,109,B,0,0,8,6,8,7,0,0,0,ongoing,-,0,0.004280,-0.044903,0.055574,0.051772
1,110,W,0,0,0,5,0,4,0,0,0,ongoing,-,0,0.000398,-0.052647,0.050216,0.055837
1,111,B,0,2,0,3,0,4,0,100,0,ongoing,-,0,0.011642,-0.031666,0.054203,0.045587
1,112,W,0,0,6,7,5,6,0,0,0,ongoing,-,0,0.012260,-0.034039,0.044318,0.048735
1,113,B,0,0,8,7,8,6,0,0,0,ongoing,-,0,0.004253,-0.039727,0.047627,0.046296
1,114,W,0,0,5,6,4,5,0,0,0,ongoing,-,0,0.009247,-0.034663,0.044978,0.046221
1,115,B,0,0,1,3,1,5,0,0,0,ongoing,-,0,0.004240,-0.040107,0.045019,0.046681
1,116,W,0,0,4,5,5,4,0,0,0,ongoing,-,0,-0.007392,-0.049906,0.045316,0.044751
1,117,B,0,0,3,2,4,2,0,0,0,ongoing,-,0,-0.008398,-0.053561,0.043225,0.047539
1,118,W,0,0,5,4,6,3,0,0,0,ongoing,-,0,-0.028280,-0.070490,0.045896,0.044432
1,119,B,0,0,8,2,8,3,0,0,0,ongoing,-,0,0.004213,-0.037379,0.042320,0.043781
1,120,W,0,0,6,3,6,4,0,0,0,ongoing,-,0,0.173332,0.135634,0.042335,0.039681
1,121,B,0,0,8,3,8,4,0,0,0,ongoing,-,0,0.004200,-0.035281,0.041323,0.041559
1,122,W,0,0,6,4,6,3,0,0,0,ongoing,-,0,-0.003932,-0.043063,0.040273,0.041191
1,123,B,0,0,4,2,4,3,0,0,0,ongoing,-,0,-0.008438,-0.049861,0.039770,0.043602
1,124,W,0,0,6,3,6,2,0,0,0,ongoing,-,0,0.173305,0.137263,0.041874,0.037938
1,125,B,0,0,8,4,8,3,0,0,0,ongoing,-,0,-0.000827,-0.040215,0.039767,0.041462
1,126,W,0,0,6,2,6,1,0,0,0,ongoing,-,0,0.173292,0.139082,0.040013,0.036010
1,127,B,0,0,8,3,8,2,0,0,0,ongoing,-,0,0.004160,-0.033282,0.037698,0.039412
1,128,W,0,0,6,1,5,1,0,0,0,ongoing,-,0,-0.003972,-0.040911,0.038253,0.038883
1,129,B,0,0,8,2,8,1,0,0,0,ongoing,-,0,-0.000853,-0.038136,0.037533,0.039245
1,130,W,0,0,5,1,4,0,0,0,0,ongoing,-,0,0.177015,0.144879,0.037873,0.033827
1,131,B,0,0,4,3,3,2,0,0,0,ongoing,-,0,-0.020117,-0.057911,0.035664,0.039783
1,132,W,0,0,4,0,3,0,0,0,0,ongoing,-,0,-0.008498,-0.044923,0.038178,0.038342
1,133,B,0,0,3,2,3,3,0,0,0,ongoing,-,0,0.168495,0.135508,0.036746,0.034723
1,134,W,0,0,3,0,2,1,0,0,0,ongoing,-,0,-0.019762,-0.054787,0.036473,0.036869
1,135,B,0,0,1,5,1,3,0,0,0,ongoing,-,0,0.037107,0.001971,0.035300,0.036985
1,136,W,0,0,2,1,3,1,0,0,0,ongoing,-,0,0.241225,0.206141,0.036379,0.036931
1,137,B,0,0,3,3,3,4,0,0,0,ongoing,-,0,0.168468,0.133033,0.040198,0.037300
1,138,W,0,0,3,1,4,2,0,0,0,ongoing,-,0,-0.020163,-0.057754,0.038950,0.039569
1,139,B,0,0,1,3,1,2,0,0,0,ongoing,-,0,-0.000920,-0.038555,0.037902,0.039616
1,140,W,0,0,4,2,4,1,0,0,0,ongoing,-,0,0.172323,0.141027,0.038223,0.032943
1,141,B,0,0,1,2,2,2,0,0,0,ongoing,-,0,0.023067,-0.011491,0.034656,0.036376
1,142,W,0,0,4,1,5,2,0,0,0,ongoing,-,0,0.015060,-0.019531,0.035628,0.036412
1,143,B,0,0,2,2,3,2,0,0,0,ongoing,-,0,0.022928,-0.011055,0.035492,0.035772
1,144,W,0,0,5,2,6,3,0,0,0,ongoing,-,0,0.199297,0.168699,0.034984,0.032208
1,145,B,0,0,3,2,4,2,0,0,0,ongoing,-,0,0.023165,-0.011157,0.034377,0.036129
1,146,W,0,0,6,3,6,4,0,0,0,ongoing,-,0,0.022158,-0.011060,0.035389,0.034966
1,147,B,0,0,4,2,5,2,0,0,0,ongoing,-,0,0.037027,0.002907,0.034190,0.035915
1,148,W,0,0,6,4,7,4,0,0,0,ongoing,-,0,0.189145,0.156032,0.035376,0.034856
1,149,B,0,0,5,2,6,2,0,0,0,ongoing,-,0,0.037013,0.002711,0.036941,0.036107
1,150,W,0,0,7,4,6,5,0,0,0,ongoing,-,0,0.212257,0.177528,0.035535,0.036557
1,151,B,0,0,6,2,6,4,0,0,1,ongoing,-,0,0.210875,0.175026,0.038934,0.037735
1,152,W,0,2,6,5,6,4,0,300,0,ongoing,-,0,0.411743,0.373868,0.040015,0.039868
1,153,B,0,0,8,6,8,5,0,0,0,ongoing,-,0,-0.001013,-0.045069,0.045468,0.046375
1,154,W,0,0,6,4,5,3,0,0,0,ongoing,-,0,-0.015770,-0.059811,0.044809,0.046359
1,155,B,0,0,3,4,3,3,0,0,0,ongoing,-,0,-0.008652,-0.054442,0.044541,0.048200
1,156,W,0,0,5,3,6,3,0,0,0,ongoing,-,0,0.168342,0.129993,0.046278,0.040367
1,157,B,0,0,8,1,8,2,0,0,0,ongoing,-,0,-0.001040,-0.041680,0.041869,0.042779
1,158,W,0,0,6,3,5,4,0,0,0,ongoing,-,0,-0.015797,-0.056546,0.041331,0.042894
1,159,B,0,0,8,5,8,4,0,0,0,ongoing,-,0,-0.001053,-0.041048,0.041190,0.042099
1,160,W,0,0,5,4,5,5,0,0,0,ongoing,-,0,0.173065,0.137824,0.040588,0.037096
1,161,B,0,0,8,4,8,5,0,0,0,ongoing,-,0,0.003933,-0.033776,0.038780,0.039694
1,162,W,0,0,5,5,4,5,0,0,0,ongoing,-,0,-0.004198,-0.042390,0.038490,0.040202
1,163,B,0,0,3,3,4,3,0,0,0,ongoing,-,0,-0.008705,-0.048876,0.038800,0.042285
1,164,W,0,0,4,5,4,6,0,0,0,ongoing,-,0,0.168288,0.135182,0.040576,0.034849
1,165,B,0,0,4,3,3,4,0,0,0,ongoing,-,0,-0.020343,-0.058290,0.036553,0.039943
1,166,W,0,0,4,6,3,6,0,0,0,ongoing,-,0,-0.008725,-0.046651,0.038287,0.039922
1,167,B,0,0,3,4,3,3,0,0,0,ongoing,-,0,0.168268,0.135655,0.038265,0.034330
1,168,W,0,0,3,6,2,5,0,0,0,ongoing,-,0,-0.024863,-0.060899,0.036086,0.037933
1,169,B,0,0,0,4,0,5,0,0,0,ongoing,-,0,0.003880,-0.031187,0.036235,0.036913
1,170,W,0,0,2,5,3,6,0,0,0,ongoing,-,0,0.180123,0.149448,0.035662,0.032290
1,171,B,0,0,0,5,0,6,0,0,0,ongoing,-,0,-0.001133,-0.034574,0.034283,0.035201
1,172,W,0,0,3,6,4,5,0,0,0,ongoing,-,0,-0.015890,-0.049742,0.033999,0.035634
1,173,B,0,0,3,3,4,3,0,0,0,ongoing,-,0,-0.008772,-0.044491,0.034165,0.037599
1,174,W,0,0,4,5,4,6,0,0,0,ongoing,-,0,0.168222,0.139508,0.036059,0.030225
1,175,B,0,0,4,3,3,4,0,0,0,ongoing,-,0,-0.020410,-0.054278,0.032097,0.035651
1,176,W,0,0,4,6,3,6,0,0,0,ongoing,-,0,-0.013292,-0.047473,0.034133,0.035980
1,177,B,0,0,3,4,2,3,0,0,0,ongoing,-,0,0.168202,0.140752,0.034373,0.028894
1,178,W,0,0,3,6,2,6,0,0,0,ongoing,-,0,-0.005180,-0.036116,0.030751,0.032565
1,179,B,0,0,0,6,0,7,0,0,0,ongoing,-,0,-0.032187,-0.061494,0.031395,0.030849
1,180,W,0,0,2,6,3,5,0,0,0,ongoing,-,0,-0.015943,-0.045338,0.029172,0.030941
1,181,B,0,0,2,3,3,3,0,0,0,ongoing,-,0,-0.008825,-0.040186,0.029629,0.033011
1,182,W,0,0,3,5,3,6,0,0,0,ongoing,-,0,0.168168,0.143755,0.031639,0.025699
1,183,B,0,0,3,3,4,3,0,0,0,ongoing,-,0,-0.029213,-0.055341,0.027737,0.027503
1,184,W,0,0,3,6,4,6,0,0,0,ongoing,-,0,-0.000720,-0.025673,0.026085,0.026267
1,185,B,0,0,4,3,3,4,0,0,0,ongoing,-,0,-0.020477,-0.048112,0.025383,0.029090
1,186,W,0,0,4,6,3,6,0,0,0,ongoing,-,0,-0.008858,-0.036693,0.027791,0.029300
1,187,B,0,0,3,4,3,3,0,0,0,ongoing,-,0,0.168135,0.145468,0.028029,0.023860
1,188,W,0,0,3,6,2,5,0,0,0,ongoing,-,0,-0.020497,-0.047065,0.026001,0.027967
1,189,B,0,0,3,3,3,2,0,0,0,ongoing,-,0,-0.031003,-0.053469,0.026674,0.023648
1,190,W,0,0,2,5,3,5,0,0,0,ongoing,-,0,-0.000760,-0.021997,0.022276,0.022355
1,191,B,0,0,3,2,2,3,0,0,0,ongoing,-,0,-0.020517,-0.044575,0.021596,0.025324
1,192,W,0,0,3,5,2,5,0,0,0,ongoing,-,0,-0.008898,-0.033197,0.024151,0.025577
1,193,B,0,0,2,3,2,2,0,0,0,ongoing,-,0,0.168095,0.148798,0.024443,0.020313
1,194,W,0,0,2,5,1,4,0,0,0,ongoing,-,0,-0.020537,-0.043908,0.022588,0.024602
1,195,B,0,0,0,7,0,6,0,0,0,ongoing,-,0,0.017707,-0.005400,0.023421,0.024323
1,196,W,0,0,1,4,2,5,0,0,0,ongoing,-,0,0.192075,0.172858,0.023783,0.020229
1,197,B,0,0,0,6,0,5,0,0,0,ongoing,-,0,0.003693,-0.018660,0.022891,0.023530
1,198,W,0,0,2,5,3,4,0,0,0,ongoing,-,0,-0.011563,-0.035227,0.022793,0.024909
1,199,B,0,0,0,5,0,4,0,0,0,ongoing,-,0,-0.001320,-0.024872,0.023876,0.024792
1,200,W,0,0,3,4,2,5,0,0,0,ongoing,-,0,0.173923,0.154707,0.023876,0.020228
1,201,B,0,0,2,2,1,1,0,0,0,ongoing,-,0,-0.024333,-0.044683,0.022570,0.021421
1,202,W,0,0,2,5,2,4,0,0,0,ongoing,-,0,-0.003840,-0.024815,0.020295,0.022079
1,203,B,0,0,1,1,2,1,0,0,0,ongoing,-,0,-0.005847,-0.026028,0.021303,0.021243
1,204,W,0,0,2,4,3,3,0,0,0,ongoing,-,0,-0.011603,-0.033023,0.020377,0.022547
1,205,B,0,0,0,4,0,3,0,0,0,ongoing,-,0,-0.001360,-0.022747,0.021593,0.022513
1,206,W,0,0,3,3,2,4,0,0,0,ongoing,-,0,0.173883,0.156818,0.021677,0.017964
1,207,B,0,0,2,1,1,0,0,0,0,ongoing,-,0,-0.024748,-0.042754,0.020392,0.018954
1,208,W,0,0,2,4,2,3,0,0,0,ongoing,-,0,-0.003880,-0.022771,0.017892,0.019885
1,209,B,0,0,1,0,2,0,0,0,0,ongoing,-,0,-0.005887,-0.023748,0.019184,0.018801
1,210,W,0,0,2,3,3,2,0,0,0,ongoing,-,0,-0.011643,-0.031237,0.018013,0.020625
1,211,B,0,0,0,3,0,2,0,0,0,ongoing,-,0,-0.001400,-0.020675,0.019742,0.020289
1,212,W,0,0,3,2,2,3,0,0,0,ongoing,-,0,0.173843,0.158533,0.019525,0.016116
1,213,B,0,0,2,0,1,0,0,0,0,ongoing,-,0,-0.024413,-0.041456,0.018623,0.017939
1,214,W,0,0,2,3,3,2,0,0,0,ongoing,-,0,-0.012545,-0.030468,0.016895,0.018866
1,215,B,0,0,1,0,1,1,0,0,0,ongoing,-,0,-0.013677,-0.033270,0.018042,0.020624
1,216,W,0,0,3,2,4,1,0,0,0,ongoing,-,0,0.176817,0.162092,0.019676,0.015500
1,217,B,0,0,1,1,2,0,0,0,0,ongoing,-,0,-0.021065,-0.041932,0.018065,0.021966
1,218,W,0,0,4,1,4,0,0,0,0,ongoing,-,0,-0.001322,-0.021102,0.020885,0.020822
1,219,B,0,0,2,0,1,0,0,0,0,ongoing,-,0,0.168797,0.152908,0.020000,0.016725
1,220,W,0,0,4,0,3,0,0,0,0,ongoing,-,0,-0.017210,-0.038753,0.019188,0.022677
1,221,B,0,0,1,0,0,0,0,0,0,ongoing,-,0,0.168533,0.151562,0.021602,0.017865
1,222,W,0,0,3,0,2,0,0,0,0,ongoing,-,0,-0.017223,-0.040220,0.020276,0.024207
1,223,B,0,0,0,2,0,1,0,0,0,ongoing,-,0,-0.001605,-0.024047,0.023084,0.023623
1,224,W,0,0,2,0,3,0,0,0,0,ongoing,-,0,0.171763,0.155040,0.022669,0.017604
1,225,B,0,1,0,0,0,1,0,0,0,ongoing,-,0,0.009882,-0.009086,0.020064,0.019966
1,226,W,0,0,3,0,3,1,0,0,0,ongoing,-,0,-0.000625,-0.021336,0.019456,0.021801
1,227,B,0,0,8,2,8,1,0,0,0,ongoing,-,0,-0.024507,-0.043300,0.021086,0.019782
1,228,W,0,0,3,1,4,1,0,0,0,ongoing,-,0,-0.012388,-0.028625,0.018617,0.017091
1,229,B,0,0,0,1,1,1,0,0,0,ongoing,-,0,-0.000770,-0.018020,0.016262,0.018158
1,230,W,0,0,4,1,3,0,0,0,0,ongoing,-,0,-0.021152,-0.040011,0.017555,0.019852
1,231,B,0,0,0,1,0,0,0,0,0,ongoing,-,0,-0.001658,-0.020638,0.018806,0.019979
1,232,W,0,0,3,0,4,1,0,0,0,ongoing,-,0,0.177085,0.162999,0.019224,0.014827
1,233,B,0,0,1,1,2,0,0,0,0,ongoing,-,0,-0.021172,-0.041681,0.017443,0.021589
1,234,W,0,0,4,1,4,0,0,0,0,ongoing,-,0,-0.001428,-0.021002,0.020512,0.020604
1,235,B,0,0,2,0,1,0,0,0,0,ongoing,-,0,0.168690,0.153506,0.019783,0.015983
1,236,W,0,0,4,0,3,1,0,0,0,ongoing,-,0,-0.020442,-0.041253,0.018488,0.021907
1,237,B,0,1,1,0,0,0,0,0,0,ongoing,-,0,0.006427,-0.008926,0.020817,0.016161
1,238,W,0,0,3,1,3,0,0,0,0,ongoing,-,0,0.017170,0.000138,0.015636,0.017928
1,239,B,0,0,8,1,8,0,0,0,0,ongoing,-,0,-0.024712,-0.040179,0.017654,0.016282
1,240,W,0,0,3,0,4,0,0,0,0,ongoing,-,0,-0.012468,-0.025545,0.015227,0.013765
1,241,B,0,0,0,0,1,0,0,0,0,ongoing,-,0,-0.001100,-0.014979,0.013043,0.014609
1,242,W,0,0,4,0,3,1,0,0,0,ongoing,-,0,-0.020482,-0.037192,0.014113,0.017590
1,243,B,0,1,1,0,0,0,0,0,0,ongoing,-,0,0.006387,-0.005061,0.016650,0.012050
1,244,W,0,0,3,1,3,0,0,0,0,ongoing,-,0,0.017130,0.003886,0.011665,0.013941
1,245,B,0,0,8,5,8,4,0,0,0,ongoing,-,0,-0.024627,-0.036469,0.013803,0.012466
1,246,W,0,0,3,0,4,0,0,0,0,ongoing,-,0,-0.012508,-0.022185,0.011545,0.010186
1,247,B,0,0,0,0,1,0,0,0,0,ongoing,-,0,-0.001140,-0.011637,0.009586,0.011050
1,248,W,0,0,4,0,3,1,0,0,0,ongoing,-,0,-0.020522,-0.033911,0.010672,0.014094
1,249,B,0,0,8,0,8,1,0,0,0,ongoing,-,0,-0.024528,-0.037546,0.013274,0.013703
1,250,W,0,0,3,1,3,0,0,0,0,ongoing,-,0,-0.006035,-0.018319,0.012718,0.012930
1,251,B,0,1,1,0,0,0,0,0,0,ongoing,-,0,0.184458,0.176573,0.012307,0.008300
1,252,W,0,0,3,0,4,0,0,0,0,ongoing,-,0,-0.012548,-0.021978,0.011414,0.009925
1,253,B,0,0,0,0,1,0,0,0,0,ongoing,-,0,-0.001180,-0.011555,0.009329,0.010921
1,254,W,0,0,4,0,3,1,0,0,0,ongoing,-,0,-0.020562,-0.033812,0.010548,0.013947
1,255,B,0,1,1,0,0,0,0,0,0,ongoing,-,0,0.006307,-0.001949,0.013127,0.008690
1,256,W,0,0,3,1,3,0,0,0,0,ongoing,-,0,0.017050,0.007060,0.008420,0.010516
1,257,B,0,0,8,1,8,2,0,0,0,ongoing,-,0,-0.024707,-0.033493,0.010491,0.009248
1,258,W,0,0,3,0,4,0,0,0,0,ongoing,-,0,-0.012588,-0.019266,0.008435,0.007029
1,259,B,0,0,0,0,1,0,0,0,0,ongoing,-,0,-0.001220,-0.008860,0.006532,0.008042
1,260,W,0,0,4,0,3,1,0,0,0,ongoing,-,0,-0.020602,-0.031167,0.007766,0.011122
1,261,B,0,1,1,0,0,0,0,0,0,ongoing,-,0,0.006267,0.000492,0.010399,0.006078
1,262,W,0,0,3,1,3,0,0,0,0,ongoing,-,0,0.017010,0.009501,0.005900,0.007904
1,263,B,0,0,8,2,8,3,0,0,0,ongoing,-,0,-0.024747,-0.031153,0.007969,0.006744
1,264,W,0,0,3,0,4,0,0,0,0,ongoing,-,0,-0.012628,-0.017072,0.006017,0.004677
1,265,B,0,0,0,0,1,0,0,0,0,ongoing,-,0,-0.001260,-0.006680,0.004261,0.005705
1,266,W,0,0,4,0,3,1,0,0,0,ongoing,-,0,-0.020642,-0.029028,0.005508,0.008828
1,267,B,0,1,1,0,0,0,0,0,0,ongoing,-,0,0.006227,0.002467,0.008184,0.003958
1,268,W,0,0,3,1,3,0,0,0,0,ongoing,-,0,0.016970,0.011475,0.003854,0.005785
1,269,B,0,1,8,3,8,4,0,0,0,ongoing,-,0,-0.024787,-0.029263,0.005922,0.004712
1,270,W,0,0,3,0,4,0,0,0,0,ongoing,-,0,-0.012668,-0.015298,0.004055,0.002768
1,271,B,0,0,0,0,1,0,0,0,0,ongoing,-,0,-0.001300,-0.004919,0.002417,0.003809
1,272,W,0,0,4,0,3,1,0,0,0,ongoing,-,0,-0.020682,-0.027301,0.003676,0.006968
1,273,B,0,1,1,0,0,0,0,0,0,ongoing,-,0,0.006187,0.004062,0.006387,0.002237
1,274,W,0,0,3,1,3,0,0,0,0,ongoing,-,0,0.016930,0.013068,0.002194,0.004065
1,275,B,0,0,8,4,8,5,0,0,0,ongoing,-,0,-0.024827,-0.027738,0.004263,0.003064
1,276,W,0,0,3,0,4,0,0,0,0,ongoing,-,0,-0.012708,-0.013867,0.002464,0.001219
1,277,B,0,0,0,0,1,0,0,0,0,ongoing,-,0,-0.001340,-0.003498,0.000922,0.002272
1,278,W,0,0,4,0,3,1,0,0,0,ongoing,-,0,-0.020722,-0.025908,0.002191,0.005460
1,279,B,0,1,1,0,0,0,0,0,0,ongoing,-,0,0.006147,0.005348,0.004930,0.000841
1,280,W,0,0,3,1,3,0,0,0,0,ongoing,-,0,0.016890,0.014352,0.000848,0.002672
1,281,B,0,0,8,4,8,3,0,0,0,ongoing,-,0,-0.024867,-0.026509,0.002919,0.001729
1,282,W,0,0,3,0,4,0,0,0,0,ongoing,-,0,-0.012748,-0.012714,0.001175,-0.000037
1,283,B,0,0,8,5,8,6,0,0,0,ongoing,-,0,-0.024880,-0.025358,-0.000291,0.000503
1,284,W,0,0,4,0,5,0,0,0,0,ongoing,-,0,-0.029887,-0.028987,0.000055,-0.000947
1,285,B,0,0,0,0,2,0,0,0,0,ongoing,-,0,0.003607,0.003601,-0.001452,0.000006
1,286,W,0,0,5,0,4,0,0,0,0,ongoing,-,0,-0.017650,-0.020927,0.000096,0.003449
1,287,B,0,0,2,0,1,0,0,0,0,ongoing,-,0,0.168343,0.168655,0.003040,-0.000328
1,288,W,0,0,4,0,3,1,0,0,0,ongoing,-,0,-0.020788,-0.026798,0.002899,0.006326
1,289,B,0,1,1,0,0,0,0,0,0,ongoing,-,0,0.006080,0.004678,0.005762,0.001475
1,290,W,0,0,3,1,3,0,0,0,0,ongoing,-,0,0.016823,0.013595,0.001455,0.003398
1,291,B,0,0,8,3,8,2,0,0,0,ongoing,-,0,-0.024933,-0.027167,0.003622,0.002352
1,292,W,0,0,3,0,2,1,0,0,0,ongoing,-,0,-0.046940,-0.055622,0.001767,0.009139
1,293,B,0,0,8,2,8,1,0,0,0,ongoing,-,0,-0.024947,-0.029082,0.008041,0.004353
1,294,W,0,0,2,1,3,0,0,0,0,ongoing,-,0,0.190047,0.188964,0.003573,0.001139
1,295,B,0,0,8,1,8,0,0,0,0,ongoing,-,0,-0.025085,-0.028243,0.004767,0.003324
1,296,W,0,0,3,0,4,0,0,0,0,ongoing,-,0,-0.012842,-0.014302,0.002695,0.001537
1,297,B,0,0,0,0,1,0,0,0,0,ongoing,-,0,-0.001473,-0.003834,0.001222,0.002484
1,298,W,0,0,4,0,3,1,0,0,0,ongoing,-,0,-0.020855,-0.026563,0.002391,0.006009
1,299,B,0,1,1,0,0,0,0,0,0,ongoing,-,0,0.006013,0.005084,0.005454,0.000978
1,300,W,0,0,3,1,3,0,0,0,0,ongoing,-,0,0.016757,0.013841,0.000971,0.003070
1,301,B,0,0,8,6,8,7,0,0,0,ongoing,-,0,-0.025000,-0.026788,0.003309,0.001882
1,302,W,0,0,3,0,4,0,0,0,0,ongoing,-,0,-0.012882,-0.013056,0.001305,0.000184
1,303,B,0,0,0,0,1,0,0,0,0,ongoing,-,0,-0.001513,-0.002599,-0.000084,0.001143
1,304,W,0,0,4,0,3,1,0,0,0,ongoing,-,0,-0.020895,-0.025354,0.001096,0.004694
1,305,B,0,0,8,7,8,8,0,0,0,ongoing,-,0,-0.025152,-0.029276,0.004185,0.004342
1,306,W,0,0,3,1,3,0,0,0,0,ongoing,-,0,-0.006408,-0.010159,0.003664,0.003948
1,307,B,0,1,1,0,0,0,0,0,0,ongoing,-,0,0.184085,0.184699,0.003659,-0.000646
1,308,W,0,0,3,0,4,0,0,0,0,ongoing,-,0,-0.012922,-0.014712,0.002941,0.001884
1,309,B,0,0,0,0,1,0,0,0,0,ongoing,-,0,-0.001553,-0.004133,0.001554,0.002715
1,310,W,0,0,4,0,3,1,0,0,0,ongoing,-,0,-0.020935,-0.027102,0.002609,0.006491
1,311,B,0,1,1,0,0,0,0,0,0,ongoing,-,0,0.005933,0.004843,0.005916,0.001148
1,312,W,0,0,3,1,3,0,0,0,0,ongoing,-,0,0.016677,0.013398,0.001128,0.003451
1,313,B,0,0,8,0,8,1,0,0,0,ongoing,-,0,-0.024955,-0.027035,0.003682,0.002190
1,314,W,0,0,3,0,4,0,0,0,0,ongoing,-,0,-0.012962,-0.013390,0.001595,0.000451
1,315,B,0,0,0,0,1,0,0,0,0,ongoing,-,0,-0.001593,-0.002940,0.000168,0.001417
1,316,W,0,0,4,0,3,1,0,0,0,ongoing,-,0,-0.020975,-0.025815,0.001359,0.005095
1,317,B,0,1,1,0,0,0,0,0,0,ongoing,-,0,0.005893,0.005914,0.004566,-0.000022
1,318,W,0,0,3,1,3,0,0,0,0,ongoing,-,0,0.016637,0.014586,0.000003,0.002158
1,319,B,0,0,8,1,8,2,0,0,0,ongoing,-,0,-0.025120,-0.026017,0.002434,0.000944
1,320,W,0,0,3,0,4,0,0,0,0,ongoing,-,0,-0.013002,-0.012314,0.000390,-0.000723
1,321,B,0,0,0,0,1,0,0,0,0,ongoing,-,0,-0.001633,-0.001875,-0.000964,0.000254
1,322,W,0,0,4,0,3,1,0,0,0,ongoing,-,0,-0.021015,-0.024773,0.000237,0.003956
1,323,B,0,1,1,0,0,0,0,0,0,ongoing,-,0,0.005853,0.006877,0.003467,-0.001077
1,324,W,0,0,3,1,3,0,0,0,0,ongoing,-,0,0.016597,0.015544,-0.001012,0.001108
1,325,B,0,0,8,2,8,3,0,0,0,ongoing,-,0,-0.025160,-0.025103,0.001423,-0.000060
1,326,W,0,0,3,0,4,0,0,0,0,ongoing,-,0,-0.013042,-0.011456,-0.000579,-0.001669
1,327,B,0,0,0,0,1,0,0,0,0,ongoing,-,0,-0.001673,-0.001026,-0.001876,-0.000682
1,328,W,0,0,4,0,3,1,0,0,0,ongoing,-,0,-0.021055,-0.023943,-0.000665,0.003040
1,329,B,0,1,1,0,0,0,0,0,0,ongoing,-,0,0.005813,0.007644,0.002582,-0.001927
1,330,W,0,0,3,1,3,0,0,0,0,ongoing,-,0,0.016557,0.016307,-0.001831,0.000263
1,331,B,0,0,8,3,8,4,0,0,0,ongoing,-,0,-0.025200,-0.024376,0.000610,-0.000868
1,332,W,0,0,3,0,4,0,0,0,0,ongoing,-,0,-0.013082,-0.010773,-0.001359,-0.002430
1,333,B,0,0,0,0,1,0,0,0,0,ongoing,-,0,-0.001713,-0.000350,-0.002610,-0.001435
1,334,W,0,0,4,0,3,1,0,0,0,ongoing,-,0,-0.021095,-0.023283,-0.001392,0.002303
1,335,B,0,1,1,0,0,0,0,0,0,ongoing,-,0,0.005773,0.008255,0.001870,-0.002612
1,336,W,0,0,3,1,3,0,0,0,0,ongoing,-,0,0.016517,0.016913,-0.002489,-0.000417
1,337,B,0,0,8,8,8,7,0,0,0,ongoing,-,0,-0.025115,-0.023799,-0.000044,-0.001385
1,338,W,0,0,3,0,4,0,0,0,0,ongoing,-,0,-0.013122,-0.010236,-0.001856,-0.003037
1,339,B,0,0,0,0,1,0,0,0,0,ongoing,-,0,-0.001753,0.000064,-0.003199,-0.001912
1,340,W,0,0,4,0,3,1,0,0,0,ongoing,-,0,-0.021135,-0.022760,-0.001850,0.001711
1,341,B,0,1,1,0,0,0,0,0,0,ongoing,-,0,0.005733,0.008621,0.001295,-0.003039
1,342,W,0,0,3,1,3,0,0,0,0,ongoing,-,0,0.016477,0.017397,-0.002898,-0.000969
1,343,B,0,0,8,4,8,3,0,0,0,ongoing,-,0,-0.025280,-0.023456,-0.000576,-0.001920
1,344,W,0,0,3,0,4,0,0,0,0,ongoing,-,0,-0.013162,-0.009794,-0.002375,-0.003545
1,345,B,0,0,0,0,1,0,0,0,0,ongoing,-,0,-0.001793,0.000500,-0.003688,-0.002414
1,346,W,0,0,4,0,3,1,0,0,0,ongoing,-,0,-0.021175,-0.022334,-0.002333,0.001220
1,347,B,0,1,1,0,0,0,0,0,0,ongoing,-,0,0.005693,0.009015,0.000820,-0.003496
1,348,W,0,0,3,1,3,0,0,0,0,ongoing,-,0,0.016437,0.017787,-0.003337,-0.001422
1,349,B,0,0,8,3,8,2,0,0,0,ongoing,-,0,-0.025320,-0.023086,-0.001011,-0.002351
1,350,W,0,0,3,0,4,0,0,0,0,ongoing,-,0,-0.013202,-0.009446,-0.002793,-0.003953
1,351,B,0,0,0,0,1,0,0,0,0,ongoing,-,0,-0.001833,0.000844,-0.004083,-0.002818
1,352,W,0,0,4,0,3,1,0,0,0,ongoing,-,0,-0.021215,-0.021999,-0.002722,0.000825
1,353,B,0,1,1,0,0,0,0,0,0,ongoing,-,0,0.005653,0.009325,0.000437,-0.003865
1,354,W,0,0,3,1,3,0,0,0,0,ongoing,-,0,0.016397,0.018094,-0.003691,-0.001786
1,355,B,0,0,8,2,8,1,0,0,0,ongoing,-,0,-0.025360,-0.022797,-0.001360,-0.002698
1,356,W,0,0,3,0,4,0,0,0,0,ongoing,-,0,-0.013242,-0.009173,-0.003130,-0.004283
1,357,B,0,0,0,0,1,0,0,0,0,ongoing,-,0,-0.001873,0.001113,-0.004401,-0.003144
1,358,W,0,0,4,0,5,1,0,0,0,ongoing,-,0,-0.038005,-0.034721,-0.003035,-0.003457
1,359,B,0,0,1,0,2,1,0,0,0,ongoing,-,0,-0.006512,-0.003383,-0.004097,-0.003293
1,360,W,0,0,5,1,4,2,0,0,0,ongoing,-,0,-0.017143,-0.017018,-0.003279,-0.000132
1,361,B,0,0,2,1,2,2,0,0,0,ongoing,-,0,-0.010025,-0.012690,-0.000411,0.002805
1,362,W,0,0,4,2,5,3,0,0,0,ongoing,-,0,0.161968,0.166809,0.002531,-0.005096
1,363,B,0,0,2,2,2,3,0,0,0,ongoing,-,0,-0.001913,-0.001506,-0.001774,-0.000429
1,364,W,0,0,5,3,4,2,0,0,0,ongoing,-,0,-0.021670,-0.024475,-0.000424,0.002953
1,365,B,0,0,2,3,1,2,0,0,0,ongoing,-,0,-0.027177,-0.026283,0.002462,-0.000940
1,366,W,0,0,4,2,3,1,0,0,0,ongoing,-,0,-0.021683,-0.023412,-0.001527,0.001820
1,367,B,0,0,0,0,0,1,0,0,0,ongoing,-,0,-0.002315,-0.004495,0.001373,0.002294
1,368,W,0,0,3,1,4,2,0,0,0,ongoing,-,0,0.175803,0.178591,0.002169,-0.002934
1,369,B,0,0,8,1,8,0,0,0,0,ongoing,-,0,-0.025578,-0.026973,0.000677,0.001468
1,370,W,0,0,4,2,3,3,0,0,0,ongoing,-,0,-0.021710,-0.025897,0.000903,0.004408
1,371,B,0,0,1,2,1,3,0,0,0,ongoing,-,0,-0.010092,-0.017124,0.003858,0.007402
1,372,W,0,0,3,3,4,3,0,0,0,ongoing,-,0,0.166902,0.167780,0.006929,-0.000925
1,373,B,0,0,0,1,0,0,0,0,0,ongoing,-,0,-0.025605,-0.028586,0.002468,0.003138
1,374,W,0,0,4,3,3,2,0,0,0,ongoing,-,0,-0.021737,-0.027764,0.002501,0.006345
1,375,B,0,0,1,3,1,2,0,0,0,ongoing,-,0,-0.010118,-0.018969,0.005722,0.009317
1,376,W,0,0,3,2,4,2,0,0,0,ongoing,-,0,0.166875,0.166261,0.008758,0.000646
1,377,B,0,0,8,7,8,8,0,0,0,ongoing,-,0,-0.025632,-0.029935,0.003981,0.004530
1,378,W,0,0,4,2,3,1,0,0,0,ongoing,-,0,-0.021763,-0.029368,0.003831,0.008005
1,379,B,0,0,1,2,1,3,0,0,0,ongoing,-,0,-0.031395,-0.035947,0.007319,0.004792
1,380,W,0,0,3,1,3,2,0,0,0,ongoing,-,0,-0.010152,-0.016191,0.003901,0.006358
1,381,B,0,0,1,3,1,2,0,0,0,ongoing,-,0,-0.010158,-0.019199,0.005944,0.009516
1,382,W,0,0,3,2,4,2,0,0,0,ongoing,-,0,0.166835,0.166170,0.008944,0.000700
1,383,B,0,0,0,0,0,1,0,0,0,ongoing,-,0,-0.025422,-0.029924,0.004048,0.004739
1,384,W,0,0,4,2,4,1,0,0,0,ongoing,-,0,-0.030553,-0.033008,0.004036,0.002584
1,385,B,0,0,1,2,1,1,0,0,0,ongoing,-,0,-0.002060,-0.005142,0.001835,0.003244
1,386,W,0,0,4,1,3,0,0,0,0,ongoing,-,0,-0.022192,-0.028749,0.003103,0.006902
1,387,B,0,0,0,1,0,0,0,0,0,ongoing,-,0,-0.002698,-0.009509,0.006239,0.007169
1,388,W,0,0,3,0,4,1,0,0,0,ongoing,-,0,0.176045,0.174738,0.006826,0.001375
1,389,B,0,0,8,0,8,1,0,0,0,ongoing,-,0,-0.025462,-0.030758,0.004880,0.005575
1,390,W,0,0,4,1,3,2,0,0,0,ongoing,-,0,-0.021843,-0.030553,0.004832,0.009168
1,391,B,0,1,1,1,0,0,0,0,0,ongoing,-,0,-0.018850,-0.021190,0.008427,0.002463
1,392,W,0,0,3,2,4,1,0,0,0,ongoing,-,0,-0.008482,-0.010365,0.001876,0.001982
1,393,B,0,0,0,0,2,0,0,0,0,ongoing,-,0,-0.018363,-0.025777,0.001744,0.007803
1,394,W,0,0,4,1,4,0,0,0,0,ongoing,-,0,-0.002495,-0.009370,0.007242,0.007237
1,395,B,0,0,2,0,1,1,0,0,0,ongoing,-,0,0.162998,0.161553,0.006862,0.001521
1,396,W,0,0,4,0,4,1,0,0,0,ongoing,-,0,-0.001758,-0.006389,0.004753,0.004874
1,397,B,0,0,8,1,8,0,0,0,0,ongoing,-,0,-0.025765,-0.030705,0.004646,0.005200
1,398,W,0,0,4,1,3,2,0,0,0,ongoing,-,0,-0.021897,-0.030480,0.004457,0.009035
1,399,B,0,1,1,1,0,0,0,0,0,ongoing,-,0,-0.018903,-0.020878,0.008298,0.002079
1,400,W,0,0,3,2,4,1,0,0,0,ongoing,-,0,-0.008535,-0.009894,0.001495,0.001430
1,401,B,0,0,8,0,8,1,0,0,0,ongoing,-,0,-0.000542,-0.001988,0.001212,0.001522
1,402,W,0,0,4,1,5,0,0,0,0,ongoing,-,0,-0.026048,-0.027029,0.001461,0.001032
1,403,B,0,0,8,1,8,0,0,0,0,ongoing,-,0,0.002195,0.001491,0.000472,0.000741
1,404,W,0,0,5,0,5,1,0,0,0,ongoing,-,0,-0.027312,-0.028128,0.000761,0.000859
1,405,B,0,0,8,0,8,1,0,0,0,ongoing,-,0,0.002432,0.002379,0.000290,0.000055
1,406,W,0,0,5,1,4,2,0,0,0,ongoing,-,0,-0.022700,-0.022738,0.000096,0.000040
1,407,B,0,0,8,1,8,2,0,0,0,ongoing,-,0,-0.000707,-0.000372,-0.000391,-0.000352
1,408,W,0,0,4,2,4,1,0,0,0,ongoing,-,0,-0.000713,-0.000318,-0.000352,-0.000416
1,409,B,0,0,0,0,1,1,0,0,0,ongoing,-,0,0.003155,0.001957,-0.000415,0.001261
1,410,W,0,0,4,1,3,2,0,0,0,ongoing,-,0,-0.021977,-0.027421,0.001309,0.005731
1,411,B,0,1,1,1,0,0,0,0,0,ongoing,-,0,-0.018983,-0.018212,0.005117,-0.000812
1,412,W,0,0,3,2,4,2,0,0,0,ongoing,-,0,-0.013615,-0.012439,-0.001285,-0.001238
1,413,B,0,0,0,0,2,0,0,0,0,ongoing,-,0,-0.013872,-0.015196,-0.001460,0.001394
1,414,W,0,0,4,2,4,1,0,0,0,ongoing,-,0,-0.010378,-0.014192,0.001114,0.004014
1,415,B,0,0,2,0,2,1,0,0,0,ongoing,-,0,-0.010010,-0.017230,0.003687,0.007600
1,416,W,0,0,4,1,5,1,0,0,0,ongoing,-,0,0.166608,0.168388,0.007108,-0.001873
1,417,B,0,0,8,2,8,1,0,0,0,ongoing,-,0,-0.002773,-0.005025,0.001683,0.002370
1,418,W,0,0,5,1,4,0,0,0,0,ongoing,-,0,-0.017905,-0.024021,0.002226,0.006438
1,419,B,0,0,2,1,2,0,0,0,0,ongoing,-,0,-0.002662,-0.009587,0.005872,0.007290
1,420,W,0,0,4,0,5,0,0,0,0,ongoing,-,0,0.167457,0.167284,0.006933,0.000182
1,421,B,0,0,8,1,8,0,0,0,0,ongoing,-,0,-0.002925,-0.006995,0.003724,0.004284
1,422,W,0,0,5,0,4,0,0,0,0,ongoing,-,0,-0.014057,-0.023337,0.004053,0.009769
1,423,B,0,0,2,0,1,1,0,0,0,ongoing,-,0,0.162812,0.159946,0.009163,0.003017
1,424,W,0,0,4,0,5,0,0,0,0,ongoing,-,0,-0.035320,-0.041225,0.006263,0.006216
1,425,B,0,0,1,1,0,2,0,0,0,ongoing,-,0,-0.026202,-0.029680,0.005214,0.003661
1,426,W,0,0,5,0,4,1,0,0,0,ongoing,-,0,0.007542,0.004160,0.002978,0.003560
1,427,B,0,0,0,0,0,1,0,0,0,ongoing,-,0,-0.000840,-0.004415,0.003582,0.003763
1,428,W,0,0,4,1,3,2,0,0,0,ongoing,-,0,0.002653,-0.001770,0.003604,0.004656
1,429,B,0,1,0,2,0,1,0,0,0,ongoing,-,0,0.027147,0.023494,0.004545,0.003845
1,430,W,0,0,3,2,3,1,0,0,0,ongoing,-,0,0.016265,0.008894,0.004247,0.007759
1,431,B,0,0,8,0,8,1,0,0,0,ongoing,-,0,-0.025742,-0.030943,0.007857,0.005475
1,432,W,0,0,3,1,4,1,0,0,0,ongoing,-,0,-0.013748,-0.016904,0.004628,0.003322
1,433,B,0,0,0,1,1,1,0,0,0,ongoing,-,0,-0.002130,-0.006441,0.002863,0.004537
1,434,W,0,0,4,1,5,1,0,0,0,ongoing,-,0,-0.033887,-0.037214,0.004339,0.003502
1,435,B,0,0,1,1,2,1,0,0,0,ongoing,-,0,-0.007393,-0.010630,0.002593,0.003407
1,436,W,0,0,5,1,4,0,0,0,0,ongoing,-,0,-0.018025,-0.025135,0.003117,0.007484
1,437,B,0,0,2,1,2,0,0,0,0,ongoing,-,0,-0.002782,-0.010822,0.006863,0.008463
1,438,W,0,0,4,0,5,0,0,0,0,ongoing,-,0,0.167337,0.166541,0.008047,0.000838
1,439,B,0,0,8,1,8,0,0,0,0,ongoing,-,0,-0.003045,-0.007884,0.004408,0.005094
1,440,W,0,0,5,0,4,0,0,0,0,ongoing,-,0,-0.014177,-0.024382,0.004824,0.010742
1,441,B,0,0,2,0,1,0,0,0,0,ongoing,-,0,0.167317,0.163365,0.010083,0.004160
1,442,W,0,0,4,0,3,0,0,0,0,ongoing,-,0,-0.018690,-0.031788,0.007623,0.013787
1,443,B,0,1,1,0,0,1,0,0,0,ongoing,-,0,0.181303,0.175810,0.012896,0.005782
1,444,W,0,0,3,0,4,1,0,0,0,ongoing,-,0,-0.008453,-0.017073,0.009367,0.009073
1,445,B,0,0,0,1,1,1,0,0,0,ongoing,-,0,-0.082210,-0.091948,0.008515,0.010250
1,446,W,0,0,4,1,3,2,0,0,0,ongoing,-,0,-0.022217,-0.034990,0.008078,0.013446
1,447,B,0,0,0,1,0,2,0,0,0,ongoing,-,0,-0.002973,-0.015488,0.012489,0.013173
1,448,W,0,0,3,2,4,1,0,0,0,ongoing,-,0,0.175270,0.169781,0.012524,0.005778
1,449,B,0,0,1,1,2,2,0,0,0,ongoing,-,0,-0.022237,-0.037593,0.009280,0.016164
1,450,W,0,0,4,1,4,2,0,0,0,ongoing,-,0,-0.010618,-0.028220,0.015119,0.018529
1,451,B,0,0,2,2,1,2,0,0,0,ongoing,-,0,0.166375,0.158830,0.017473,0.007942
1,452,W,0,0,4,2,3,1,0,0,0,ongoing,-,0,-0.022257,-0.038251,0.011179,0.016836
1,453,B,0,1,1,2,0,2,0,0,0,ongoing,-,0,0.004987,-0.003297,0.015730,0.008720
1,454,W,0,0,3,1,3,2,0,0,0,ongoing,-,0,0.016105,0.004610,0.008305,0.012100
1,455,B,0,0,8,0,8,1,0,0,0,ongoing,-,0,-0.025902,-0.034956,0.012020,0.009531
1,456,W,0,0,3,2,4,2,0,0,0,ongoing,-,0,-0.013908,-0.020328,0.008478,0.006757
1,457,B,0,0,0,2,1,2,0,0,0,ongoing,-,0,-0.002540,-0.010093,0.006127,0.007951
1,458,W,0,0,4,2,3,1,0,0,0,ongoing,-,0,-0.022297,-0.034719,0.007595,0.013077
1,459,B,0,1,1,2,0,2,0,0,0,ongoing,-,0,0.004947,-0.000154,0.012123,0.005369
1,460,W,0,0,3,1,3,2,0,0,0,ongoing,-,0,0.016065,0.007833,0.005100,0.008665
1,461,B,0,0,8,8,8,7,0,0,0,ongoing,-,0,-0.025942,-0.032006,0.008726,0.006383
1,462,W,0,0,3,2,4,2,0,0,0,ongoing,-,0,-0.013948,-0.017450,0.005464,0.003686
1,463,B,0,0,0,2,1,2,0,0,0,ongoing,-,0,-0.002580,-0.007388,0.003181,0.005061
1,464,W,0,0,4,2,3,1,0,0,0,ongoing,-,0,-0.022337,-0.031973,0.004827,0.010143
1,465,B,0,1,1,2,0,2,0,0,0,ongoing,-,0,0.004907,0.002264,0.009308,0.002781
1,466,W,0,0,3,1,3,2,0,0,0,ongoing,-,0,0.016025,0.010339,0.002626,0.005985
1,467,B,0,0,8,1,8,2,0,0,0,ongoing,-,0,-0.026107,-0.029739,0.006156,0.003824
1,468,W,0,0,3,2,4,2,0,0,0,ongoing,-,0,-0.013988,-0.015209,0.003008,0.001284
1,469,B,0,0,0,2,1,2,0,0,0,ongoing,-,0,-0.002620,-0.005190,0.000880,0.002705
1,470,W,0,0,4,2,3,1,0,0,0,ongoing,-,0,-0.022377,-0.029840,0.002570,0.007856
1,471,B,0,1,1,2,0,2,0,0,0,ongoing,-,0,0.004867,0.004234,0.007116,0.000666
1,472,W,0,0,3,1,3,2,0,0,0,ongoing,-,0,0.015985,0.012279,0.000602,0.003901
1,473,B,0,0,8,2,8,3,0,0,0,ongoing,-,0,-0.026147,-0.027895,0.004161,0.001841
1,474,W,0,0,3,2,4,2,0,0,0,ongoing,-,0,-0.014028,-0.013482,0.001107,-0.000575
1,475,B,0,0,0,2,1,2,0,0,0,ongoing,-,0,-0.002660,-0.003498,-0.000901,0.000882
1,476,W,0,0,4,2,3,1,0,0,0,ongoing,-,0,-0.022417,-0.028199,0.000824,0.006086
1,477,B,0,1,1,2,0,2,0,0,0,ongoing,-,0,0.004827,0.005749,0.005419,-0.000971
1,478,W,0,0,3,1,3,2,0,0,0,ongoing,-,0,0.015945,0.013771,-0.000963,0.002288
1,479,B,0,0,8,3,8,4,0,0,0,ongoing,-,0,-0.026187,-0.026479,0.002619,0.000308
1,480,W,0,0,3,2,4,2,0,0,0,ongoing,-,0,-0.014068,-0.012156,-0.000362,-0.002013
1,481,B,0,0,0,2,1,2,0,0,0,ongoing,-,0,-0.002700,-0.002199,-0.002279,-0.000527
1,482,W,0,0,4,2,3,1,0,0,0,ongoing,-,0,-0.022457,-0.026939,-0.000525,0.004719
1,483,B,0,1,1,2,0,2,0,0,0,ongoing,-,0,0.004787,0.006912,0.004107,-0.002237
1,484,W,0,0,3,1,3,2,0,0,0,ongoing,-,0,0.015905,0.014915,-0.002173,0.001043
1,485,B,0,0,8,4,8,5,0,0,0,ongoing,-,0,-0.026227,-0.025396,0.001429,-0.000875
1,486,W,0,0,3,2,4,2,0,0,0,ongoing,-,0,-0.014108,-0.011140,-0.001497,-0.003125
1,487,B,0,0,0,2,1,2,0,0,0,ongoing,-,0,-0.002740,-0.001205,-0.003343,-0.001616
1,488,W,0,0,4,2,3,1,0,0,0,ongoing,-,0,-0.022497,-0.025976,-0.001567,0.003663
1,489,B,0,1,1,2,0,2,0,0,0,ongoing,-,0,0.004747,0.007801,0.003094,-0.003215
1,490,W,0,0,3,1,3,2,0,0,0,ongoing,-,0,0.015865,0.015788,-0.003108,0.000081
1,491,B,0,0,8,5,8,6,0,0,0,ongoing,-,0,-0.026267,-0.024569,0.000511,-0.001787
1,492,W,0,0,3,2,4,2,0,0,0,ongoing,-,0,-0.014148,-0.010365,-0.002373,-0.003982
1,493,B,0,0,0,2,1,2,0,0,0,ongoing,-,0,-0.002780,-0.000447,-0.004165,-0.002455
1,494,W,0,0,4,2,4,1,0,0,0,ongoing,-,0,-0.031287,-0.027381,-0.002370,-0.004111
1,495,B,0,0,1,2,1,1,0,0,0,ongoing,-,0,-0.002793,0.000044,-0.004684,-0.002987
1,496,W,0,0,4,1,3,0,0,0,0,ongoing,-,0,-0.022925,-0.024776,-0.002878,0.001948
1,497,B,0,0,1,1,1,0,0,0,0,ongoing,-,0,-0.003182,-0.006136,0.001433,0.003109
1,498,W,0,0,3,0,4,0,0,0,0,ongoing,-,0,0.166937,0.171655,0.002919,-0.004967
1,499,B,0,0,1,0,2,0,0,0,0,ongoing,-,0,-0.019070,-0.025950,-0.000903,0.007242
1,500,W,0,0,4,0,5,0,0,0,0,ongoing,-,0,0.166923,0.168367,0.006638,-0.001520
1,501,B,0,0,2,0,3,0,0,0,0,ongoing,-,0,-0.019083,-0.029337,0.002384,0.010793
1,502,W,0,0,5,0,6,0,0,0,0,ongoing,-,0,0.166910,0.165379,0.010026,0.001612
1,503,B,0,0,0,2,0,1,0,0,0,ongoing,-,0,-0.026347,-0.032354,0.005371,0.006323
1,504,W,0,0,6,0,5,0,0,0,0,ongoing,-,0,-0.019103,-0.030638,0.005431,0.012141
1,505,B,0,0,3,0,2,0,0,0,0,ongoing,-,0,0.166890,0.162562,0.011267,0.004556
1,506,W,0,0,5,0,4,0,0,0,0,ongoing,-,0,-0.019117,-0.033537,0.008229,0.015179
1,507,B,0,0,2,0,1,0,0,0,0,ongoing,-,0,0.166877,0.160018,0.014164,0.007220
1,508,W,0,0,4,0,3,0,0,0,0,ongoing,-,0,-0.019130,-0.036178,0.010769,0.017945
1,509,B,0,1,1,0,0,1,0,0,0,ongoing,-,0,0.180863,0.172791,0.016802,0.008497
1,510,W,0,0,3,0,3,1,0,0,0,ongoing,-,0,-0.002518,-0.018151,0.012202,0.016455
1,511,B,0,0,8,6,8,5,0,0,0,ongoing,-,0,-0.026400,-0.038493,0.015747,0.012730
1,512,W,0,0,3,1,4,1,0,0,0,ongoing,-,0,-0.014282,-0.023475,0.011433,0.009677
1,513,B,0,0,0,1,1,1,0,0,0,ongoing,-,0,-0.002663,-0.013096,0.008861,0.010981
1,514,W,0,0,4,1,3,2,0,0,0,ongoing,-,0,-0.022670,-0.038458,0.010467,0.016619
1,515,B,0,1,1,1,0,1,0,0,0,ongoing,-,0,0.004323,-0.002905,0.015443,0.007608
1,516,W,0,0,3,2,3,1,0,0,0,ongoing,-,0,0.015692,0.004848,0.007178,0.011415
1,517,B,0,0,8,5,8,4,0,0,0,ongoing,-,0,-0.026440,-0.034388,0.011360,0.008367
1,518,W,0,0,3,1,4,1,0,0,0,ongoing,-,0,-0.014322,-0.019638,0.007265,0.005596
1,519,B,0,0,0,1,1,1,0,0,0,ongoing,-,0,-0.002703,-0.009347,0.004962,0.006994
1,520,W,0,0,4,1,3,2,0,0,0,ongoing,-,0,-0.022710,-0.034832,0.006656,0.012760
1,521,B,0,1,1,1,0,1,0,0,0,ongoing,-,0,0.004283,0.000440,0.011755,0.004046
1,522,W,0,0,3,2,3,1,0,0,0,ongoing,-,0,0.015652,0.008130,0.003778,0.007917
1,523,B,0,0,8,4,8,3,0,0,0,ongoing,-,0,-0.026480,-0.031273,0.008020,0.005046
1,524,W,0,0,3,1,4,1,0,0,0,ongoing,-,0,-0.014362,-0.016727,0.004092,0.002490
1,525,B,0,0,0,1,1,1,0,0,0,ongoing,-,0,-0.002743,-0.006505,0.001995,0.003959
1,526,W,0,0,4,1,3,2,0,0,0,ongoing,-,0,-0.022750,-0.032083,0.003757,0.009825
1,527,B,0,1,1,1,0,1,0,0,0,ongoing,-,0,0.004243,0.002975,0.008950,0.001335
1,528,W,0,0,3,2,3,1,0,0,0,ongoing,-,0,0.015612,0.010616,0.001193,0.005258
1,529,B,0,0,0,1,1,1,0,0,0,ongoing,-,0,-0.043020,-0.056740,0.005483,0.014443
1,530,W,0,0,3,1,4,1,0,0,0,ongoing,-,0,0.168848,0.168436,0.012839,0.000434
1,531,B,0,0,0,1,0,2,0,0,0,ongoing,-,0,-0.026533,-0.031544,0.004332,0.005275
1,532,W,0,0,4,1,3,0,0,0,0,ongoing,-,0,-0.023165,-0.032909,0.004397,0.010256
1,533,B,0,0,1,1,1,0,0,0,0,ongoing,-,0,-0.003422,-0.014159,0.009340,0.011303
1,534,W,0,0,3,0,4,0,0,0,0,ongoing,-,0,0.166697,0.165258,0.010689,0.001515
1,535,B,0,0,0,2,0,1,0,0,0,ongoing,-,0,-0.026560,-0.032587,0.005397,0.006345
1,536,W,0,0,4,0,3,0,0,0,0,ongoing,-,0,-0.019317,-0.031561,0.005412,0.012889
1,537,B,0,1,1,0,0,1,0,0,0,ongoing,-,0,0.180677,0.177447,0.011958,0.003400
1,538,W,0,0,3,0,4,0,0,0,0,ongoing,-,0,-0.014455,-0.020134,0.007465,0.005978
1,539,B,0,0,0,1,1,1,0,0,0,ongoing,-,0,-0.001337,-0.008167,0.005338,0.007190
1,540,W,0,0,4,0,5,1,0,0,0,ongoing,-,0,-0.026218,-0.031847,0.006876,0.005925
1,541,B,0,0,1,1,2,1,0,0,0,ongoing,-,0,-0.003100,-0.009838,0.005005,0.007093
1,542,W,0,0,5,1,6,1,0,0,0,ongoing,-,0,-0.031607,-0.036008,0.006733,0.004633
1,543,B,0,0,8,3,8,2,0,0,0,ongoing,-,0,0.001387,-0.002922,0.003595,0.004535
1,544,W,0,0,6,1,5,1,0,0,0,ongoing,-,0,0.001380,-0.002925,0.004380,0.004532
1,545,B,0,0,8,2,8,1,0,0,0,ongoing,-,0,-0.003627,-0.008656,0.004354,0.005294
1,546,W,0,0,5,1,4,2,0,0,0,ongoing,-,0,-0.018383,-0.029333,0.004970,0.011526
1,547,B,0,0,2,1,2,2,0,0,0,ongoing,-,0,-0.011265,-0.026893,0.010669,0.016451
1,548,W,0,0,4,2,5,2,0,0,0,ongoing,-,0,0.165728,0.163648,0.015435,0.002190
1,549,B,0,0,8,1,8,2,0,0,0,ongoing,-,0,-0.003653,-0.010235,0.005983,0.006928
1,550,W,0,0,5,2,4,1,0,0,0,ongoing,-,0,-0.018410,-0.031003,0.006523,0.013256
1,551,B,0,0,2,2,2,1,0,0,0,ongoing,-,0,-0.011292,-0.028622,0.012314,0.018242
1,552,W,0,0,4,1,5,0,0,0,0,ongoing,-,0,0.160327,0.158366,0.017130,0.002064
1,553,B,0,0,2,1,2,0,0,0,0,ongoing,-,0,-0.003555,-0.010915,0.005600,0.007747
1,554,W,0,0,5,0,4,0,0,0,0,ongoing,-,0,-0.019437,-0.034103,0.007341,0.015438
1,555,B,0,0,2,0,1,0,0,0,0,ongoing,-,0,0.166557,0.160592,0.014372,0.006279
1,556,W,0,0,4,0,3,0,0,0,0,ongoing,-,0,-0.019450,-0.036901,0.010044,0.018369
1,557,B,0,1,1,0,0,1,0,0,0,ongoing,-,0,0.180543,0.173328,0.017159,0.007595
1,558,W,0,0,3,0,3,1,0,0,0,ongoing,-,0,-0.002838,-0.018422,0.011526,0.016403
1,559,B,0,0,8,2,8,1,0,0,0,ongoing,-,0,-0.026720,-0.038242,0.015662,0.012128
1,560,W,0,0,3,1,4,1,0,0,0,ongoing,-,0,-0.014602,-0.023049,0.010762,0.008891
1,561,B,0,0,0,1,1,1,0,0,0,ongoing,-,0,-0.002983,-0.012754,0.008052,0.010284
1,562,W,0,0,4,1,4,2,0,0,0,ongoing,-,0,-0.031740,-0.038899,0.009767,0.007536
1,563,B,0,0,1,1,1,2,0,0,0,ongoing,-,0,-0.003247,-0.011333,0.006324,0.008512
1,564,W,0,0,4,2,4,1,0,0,0,ongoing,-,0,-0.031753,-0.037333,0.008072,0.005874
1,565,B,0,0,1,2,2,3,0,0,0,ongoing,-,0,-0.014885,-0.024147,0.004740,0.009749
1,566,W,0,0,4,1,4,2,0,0,0,ongoing,-,0,-0.011392,-0.024081,0.009041,0.013358
1,567,B,0,0,2,3,1,3,0,0,0,ongoing,-,0,-0.033523,-0.037451,0.012513,0.004135
1,568,W,0,0,4,2,4,3,0,0,0,ongoing,-,0,-0.003280,-0.006207,0.002884,0.003081
1,569,B,0,0,0,1,0,2,0,0,0,ongoing,-,0,-0.026787,-0.030387,0.002853,0.003790
1,570,W,0,0,4,3,4,2,0,0,0,ongoing,-,0,-0.031793,-0.032591,0.002938,0.000840
1,571,B,0,0,1,3,2,4,0,0,0,ongoing,-,0,-0.014925,-0.019599,-0.000054,0.004920
1,572,W,0,0,4,2,4,3,0,0,0,ongoing,-,0,-0.011432,-0.019622,0.004437,0.008621
1,573,B,0,0,2,4,2,3,0,0,0,ongoing,-,0,-0.011438,-0.024803,0.008004,0.014068
1,574,W,0,0,4,3,5,3,0,0,0,ongoing,-,0,0.165555,0.166445,0.013154,-0.000937
1,575,B,0,0,8,1,8,2,0,0,0,ongoing,-,0,-0.026827,-0.030676,0.003110,0.004052
1,576,W,0,0,5,3,5,4,0,0,0,ongoing,-,0,-0.031833,-0.032831,0.003180,0.001050
1,577,B,0,0,2,3,2,4,0,0,0,ongoing,-,0,-0.003340,-0.005452,0.000138,0.002223
1,578,W,0,0,5,4,5,3,0,0,0,ongoing,-,0,-0.031847,-0.031821,0.002081,-0.000027
1,579,B,0,0,8,2,8,3,0,0,0,ongoing,-,0,0.001147,0.001098,-0.000888,0.000051
1,580,W,0,0,5,3,5,4,0,0,0,ongoing,-,0,0.001140,0.000893,0.000101,0.000260
1,581,B,0,0,8,3,8,4,0,0,0,ongoing,-,0,-0.003867,-0.005026,0.000281,0.001220
1,582,W,0,0,5,4,4,3,0,0,0,ongoing,-,0,-0.018623,-0.026576,0.001082,0.008371
1,583,B,0,0,2,4,2,3,0,0,0,ongoing,-,0,-0.011505,-0.024636,0.007649,0.013823
1,584,W,0,0,4,3,5,3,0,0,0,ongoing,-,0,0.165488,0.166892,0.012913,-0.001477
1,585,B,0,0,8,4,8,3,0,0,0,ongoing,-,0,-0.003893,-0.007297,0.002637,0.003583
1,586,W,0,0,5,3,4,2,0,0,0,ongoing,-,0,-0.018650,-0.028915,0.003323,0.010805
1,587,B,0,0,2,3,2,2,0,0,0,ongoing,-,0,-0.011532,-0.027016,0.009959,0.016299
1,588,W,0,0,4,2,5,2,0,0,0,ongoing,-,0,0.165462,0.164975,0.015252,0.000512
1,589,B,0,0,8,3,8,2,0,0,0,ongoing,-,0,-0.003920,-0.009129,0.004532,0.005483
1,590,W,0,0,5,2,4,1,0,0,0,ongoing,-,0,-0.018677,-0.030825,0.005124,0.012788
1,591,B,0,0,2,2,2,1,0,0,0,ongoing,-,0,-0.011558,-0.028972,0.011840,0.018331
1,592,W,0,0,4,1,5,1,0,0,0,ongoing,-,0,0.165435,0.163437,0.017170,0.002104
1,593,B,0,0,8,2,8,1,0,0,0,ongoing,-,0,-0.003947,-0.010603,0.006050,0.007007
1,594,W,0,0,5,1,4,2,0,0,0,ongoing,-,0,-0.018703,-0.032385,0.006567,0.014402
1,595,B,0,0,2,1,2,0,0,0,0,ongoing,-,0,-0.033210,-0.041057,0.013370,0.008260
1,596,W,0,0,4,2,4,1,0,0,0,ongoing,-,0,-0.011592,-0.022843,0.006822,0.011843
1,597,B,0,0,2,0,2,1,0,0,0,ongoing,-,0,-0.011223,-0.027956,0.011058,0.017614
1,598,W,0,0,4,1,5,1,0,0,0,ongoing,-,0,0.162395,0.160490,0.016496,0.002005
1,599,B,0,0,2,1,1,2,0,0,0,ongoing,-,0,-0.026987,-0.031075,0.005937,0.004304
1,600,W,0,0,5,1,4,2,0,0,0,ongoing,-,1,-0.993993,-0.993993,0.003357,0.000000
